id_accival,Código de referencia,Monto,Total pagado,Fecha,Cantidad reservas,fuente
accival_may_01,G-Q3SEWZTUSOSYQ,114750.0,27.01,2025-05-01 00:00:00,1,PRINCIPAL
accival_may_01,G-H4DZRPGY7QYQZ,7864343.66,1842.76,2025-05-01 00:00:00,18,PRINCIPAL
accival_may_01,G-YBBMESQP2FZVY,181276.69,42.68,2025-05-01 00:00:00,1,PRINCIPAL
accival_may_01,G-EFSN3Q7S2NZCF,123250.0,29.39,2025-05-01 00:00:00,1,PRINCIPAL
accival_may_01,G-ZDR3FZFOQXJH3,12613589.33,2969.5,2025-05-01 00:00:00,20,PRINCIPAL
accival_may_01,G-DNRUA5R6N2RGL,95625.0,22.51,2025-05-01 00:00:00,1,PRINCIPAL
accival_may_02,G-MCUIWMDP5ALIX,8620414.81,2036.68,2025-05-02 00:00:00,21,PRINCIPAL
accival_may_02,G-JKE74NIXNUY4M,8192146.24,1927.31,2025-05-05 00:00:00,22,PRINCIPAL
accival_may_02,G-ED5ZYHQFUII7A,170510.0,40.04,2025-05-05 00:00:00,2,PRINCIPAL
accival_may_02,G-ICA3MIGARW5PQ,172849.45,40.84,2025-05-05 00:00:00,1,PRINCIPAL
accival_may_02,G-MA3SHX22DTL2W,5083895.8100000005,1193.67,2025-05-05 00:00:00,5,PRINCIPAL
accival_may_02,G-SLGJ4MHQUUHHI,340958.67000000004,80.25,2025-05-05 00:00:00,5,PRINCIPAL
accival_may_02,G-G6D3ZJLOH4JJV,6204099.7700000005,1460.34,2025-05-05 00:00:00,20,PRINCIPAL
accival_may_03,G-E4P3ATEFGDFM2,9299289.12,2164.44,2025-05-06 00:00:00,15,PRINCIPAL
accival_may_03,G-V4WFRFSFDWJ7M,97750.0,22.75,2025-05-06 00:00:00,1,PRINCIPAL
accival_may_03,G-N5SFUFXMZUJE6,97750.0,22.72,2025-05-07 00:00:00,1,PRINCIPAL
accival_may_03,G-JNEOK4UO7DPOI,358653.97000000003,83.36,2025-05-08 00:00:00,2,PRINCIPAL
accival_may_03,G-RZA7I3HVCPG3Y,97750.0,22.77,2025-05-08 00:00:00,1,PRINCIPAL
accival_may_03,G-CIQWLOGDNEYWY,6298828.95,1467.52,2025-05-08 00:00:00,18,PRINCIPAL
accival_may_03,G-6RSNY7ZTADLOB,4882552.23,1134.74,2025-05-08 00:00:00,11,PRINCIPAL
accival_may_04,G-TAFJTQGV67GK7,6475646.11,1522.59,2025-05-09 00:00:00,14,PRINCIPAL
accival_may_04,G-CK2CAVFMHEUFY,100000.0,23.6,2025-05-12 00:00:00,1,PRINCIPAL
accival_may_04,G-BZCEOEKBI6IW7,95625.0,22.57,2025-05-12 00:00:00,1,PRINCIPAL
accival_may_04,G-AHXAGQ5ZCMBL5,174306.52000000002,41.07,2025-05-12 00:00:00,2,PRINCIPAL
accival_may_04,G-MKONOMCVL6PRO,10398210.34,2459.1,2025-05-12 00:00:00,25,PRINCIPAL
accival_may_04,G-QXTWD2BTZCABL,5420275.46,1277.25,2025-05-12 00:00:00,11,PRINCIPAL
accival_may_04,G-EGPOWXVABBT3Q,6437065.95,1519.1,2025-05-12 00:00:00,22,PRINCIPAL
accival_may_05,G-JOJQUGLEBEZDN,168319.75,39.84,2025-05-13 00:00:00,2,PRINCIPAL
accival_may_05,G-NGAF44YK3XLJB,10436469.49,2470.35,2025-05-13 00:00:00,14,PRINCIPAL
accival_may_05,G-IFG2RLHTIZHHB,9275934.17,2209.45,2025-05-15 00:00:00,21,PRINCIPAL
accival_may_07,G-C7ND5BPWBGR2O,130458.62,31.08,2025-05-15 00:00:00,2,PRINCIPAL
accival_may_05,G-YY2C6C4FQXYXY,3067978.92,728.28,2025-05-15 00:00:00,10,PRINCIPAL
accival_may_07,G-2PSLNX4XRTQZP,89930.0,21.39,2025-05-16 00:00:00,1,PRINCIPAL
accival_may_07,G-RRCZPYXMWMJ4J,7472719.06,1777.76,2025-05-16 00:00:00,20,PRINCIPAL
accival_may_06,G-T5WF4HNUAUJIF,6173355.76,1474.71,2025-05-19 00:00:00,22,PRINCIPAL
accival_may_06,G-FW2OC3H2RVTX6,166175.0,39.7,2025-05-19 00:00:00,1,PRINCIPAL
accival_may_06,G-EMNGPVQE5JSBX,5724657.97,1362.2,2025-05-19 00:00:00,13,PRINCIPAL
accival_may_06,G-7ESSV23JHZ5IQ,353701.12,84.49,2025-05-19 00:00:00,1,PRINCIPAL
accival_may_06,G-YQQOF64MWDNFF,150000.0,35.83,2025-05-19 00:00:00,1,PRINCIPAL
accival_may_07,G-2WNV7BAD6UV4V,89930.0,21.48,2025-05-19 00:00:00,1,PRINCIPAL
accival_may_06,G-ZW5AXGJH556LA,10121680.54,2418.13,2025-05-19 00:00:00,26,PRINCIPAL
accival_may_01,G-4DH663FYQG3OI,4624287.46,1096.86,2025-04-29,14,PRINCIPAL
accival_may_01,G-A7GGDY3TTTCV6,335070.0,79.48,2025-04-29,1,PRINCIPAL
accival_may_07,G-WEXE2NRABILKY,6281104.02,1504.94,2025-05-20,16,PRINCIPAL
accival_may_07,G-3QWEGBDZQIFGJ,104.24,104.24,2025-05-16,5,PRINCIPAL
accival_may_07,G-HYDPL4IHA2W5X,883.7099999999999,883.71,2025-05-19,4,PRINCIPAL
accival_may_02,G-PLUAJZW3DRJHB,456347.12,107.37,2025-05-05,3,PRINCIPAL
accival_may_03,G-W6K2G74TKGRRB,485095.54,113.02,2025-05-08,3,PRINCIPAL
accival_may_07,G-YAY6GTVTAMUB7,1086225.82,257.85,2025-05-14,5,PRINCIPAL
accival_may_07,G-VSJRX57OEMSOI,504932.3,120.13,2025-05-16,2,PRINCIPAL
accival_may_07,G-XCSMA3DT6DQDG,570754.46,135.81,2025-05-20,3,PRINCIPAL
accival_may_01,G-4U5F7FPKTD7KL,532776.87,126.38,2025-04-29,4,PRINCIPAL
accival_may_06,G-OYQN5KS2KNVH3,30.17,30.17,2025-04-26,2,PRINCIPAL
accival_may_06,G-VACKZT3ODOINH,27.19,27.19,2025-05-01,2,PRINCIPAL
accival_may_06,G-RQFVWXM2WOB32,15.69,15.69,2025-05-10,1,PRINCIPAL
accival_may_06,G-MAZI5T2XPY6UC,47.07,47.07,2025-05-13,1,PRINCIPAL
accival_may_06,STRIPE,8000000.0,2000.0,2025-05-20,10,STRIPE
accival_may_07,G-MSHB5WPOBYRBM,5123782.21,1228.18,2025-05-21,16,PRINCIPAL
accival_may_07,G-TLRCQLBXABLQX,788800.0,189.08,2025-05-21,1,PRINCIPAL
accival_may_07,G-FX6W3G7WSVXDL,209440.0,50.2,2025-05-21,1,PRINCIPAL
accival_may_07,G-NCYOIJJ6AOI2B,423048.4,101.41,2025-05-21,3,COLONIA
accival_may_08,G-FKCHFQDET7UJX,109800.0,26.32,2025-05-22,1,PRINCIPAL
accival_may_08,G-ZXND6MPZ62IJ3,5008599.98,1200.31,2025-05-22,20,PRINCIPAL
accival_may_08,G-AMJP2XS3CI7QO,421215.12,101.49,2025-05-26,2,COLONIA
accival_may_08,G-B2IPEL4MSFXV7,4050097.7,969.01,2025-05-23,14,PRINCIPAL
accival_may_08,G-WNYPE63YAPWAV,209440.0,50.11,2025-05-23,1,PRINCIPAL
accival_may_08,G-UHJGJ52KZ5RAA,314564.47,75.66,2025-05-26,1,PRINCIPAL
accival_may_08,G-3YSAW3QNLG3TR,10174334.39,2451.42,2025-05-26,31,PRINCIPAL
accival_may_08,G-KGRK67G22ZKVE,209440.0,50.38,2025-05-26,1,PRINCIPAL
accival_may_08,G-OJNQMWKUWMVND,4529623.03,1091.89,2025-05-26,15,PRINCIPAL
accival_may_08,G-AFL2F7EXV7JKV,160018.72,38.57,2025-05-26,1,PRINCIPAL
accival_may_08,G-LW43WC3KWLSRC,7032703.69,1691.59,2025-05-26,19,PRINCIPAL
accival_may_09,G-VG2U63PPUSRHQ,3482601.04,838.78,2025-05-27,9,PRINCIPAL
accival_may_09,G-BMI4H7O5CWREF,771862.05,185.9,2025-05-27,1,PRINCIPAL
accival_may_09,G-AXI2NHNA7NKGD,89930.0,21.66,2025-05-27,1,PRINCIPAL
accival_may_09,G-UIUENXNRM6JE5,89930.0,21.86,2025-05-28,1,PRINCIPAL
accival_may_09,G-563HCN4A724JU,3918275.09,952.52,2025-05-28,13,PRINCIPAL
accival_may_09,G-AREVW62ULFCL3,7345324.09,1779.92,2025-05-29,18,PRINCIPAL
accival_may_09,G-Y2JX7K5K4UAXG,455167.52,109.72,2025-05-26,3,COLONIA
accival_may_09,G-4AVNTFKAZ6YFT,106.87,106.87,2025-05-29,2,RH
accival_jun_01,G-EIFVER55QC3MM,9499503.13,2301.09,2025-05-30,14,PRINCIPAL
accival_jun_01,G-75BYHHWMY2NDZ,16278025.37,3919.21,2025-06-02,35,PRINCIPAL
accival_jun_01,G-SNR3C2JISHAM4,348840.0,84.03,2025-06-02,1,PRINCIPAL
accival_jun_01,G-3RAKXO6456N3J,13125635.95,3161.79,2025-06-02,29,PRINCIPAL
accival_jun_01,G-MQKSIXALFTBWU,206413.35,49.72,2025-06-02,1,PRINCIPAL
accival_jun_01,G-IJAPETQ44Z5OM,226451.47,54.55,2025-06-02,1,PRINCIPAL
accival_jun_01,G-M2SB7665A3526,5979655.05,1444.91,2025-06-02,11,PRINCIPAL
accival_jun_01,G-IASM6WD3NLBKN,615050.34,148.16,2025-06-02,2,COLONIA
accival_jun_01,G-XF235FYZOY4KC,1323337.12,318.62,2025-06-02,5,COLONIA
accival_jun_01,G-MN6UGJVXRPVOW,1630590.56,394.01,2025-06-02,1,COLONIA
accival_jun_02,G-YZGX6T4CEHYGE,4827090.56,1164.37,2025-06-03,13,PRINCIPAL
accival_jun_02,G-4LKM5MIPS7WIJ,120000.0,28.95,2025-06-03,1,PRINCIPAL
accival_jun_02,G-IT6TYAFXZL5NS,6886664.29,1671.21,2025-06-04,14,PRINCIPAL
accival_jun_02,G-GZTY4ICKBPDTG,95625.0,23.27,2025-06-05,1,PRINCIPAL
accival_jun_02,G-4I5PYJIVHIFVL,6538900.99,1591.01,2025-06-05,16,PRINCIPAL
accival_jun_02,G-WTYNIER7SZV5Z,180540.0,43.93,2025-06-05,1,PRINCIPAL
accival_jun_02,G-NGHZJET6HNMV5,1013448.54,246.58,2025-06-05,3,COLONIA
accival_jun_03,G-FKJUTKMPQMGJZ,11396297.26,2773.83,2025-06-06,20,PRINCIPAL
accival_jun_03,G-7GQHTJTOYTKHK,95625.0,23.27,2025-06-06,1,PRINCIPAL
accival_jun_03,G-73KI6YS7W6IKO,98536.0,23.89,2025-06-09,1,PRINCIPAL
accival_jun_03,G-YGZLCSTNDDF7C,95625.0,23.19,2025-06-09,1,PRINCIPAL
accival_jun_03,G-IRIV5JCD6XSU6,4241835.78,1030.81,2025-06-09,13,PRINCIPAL
accival_jun_03,G-IHADZBR5O67VH,16611919.04,4027.77,2025-06-09,26,PRINCIPAL
accival_jun_03,G-Z7K7S62LJ5EOT,100.99,100.99,2025-06-06,2,RH
accival_jun_03,G-Q5ITUNOYFYGL3,992828.17,241.27,2025-06-09,5,COLONIA
accival_jun_03,G-TTWZU6VSSUEZJ,8638357.73,2088.86,2025-06-09,17,PRINCIPAL
accival_jun_04,G-QTNMVJ6TBGTVD,2971589.94,717.85,2025-06-10,10,PRINCIPAL
accival_jun_04,G-2OBEEZPV4BR3E,546046.93,131.91,2025-06-10,1,PRINCIPAL
accival_jun_04,G-NXD3SSZ3BWLAZ,133450.0,32.27,2025-06-10,1,PRINCIPAL
accival_jun_04,G-X7II24A2H6CG3,84982.63,20.53,2025-06-10,1,PRINCIPAL
accival_jun_04,G-Q6KMQAUKBSHFU,177719.87,42.93,2025-06-11,1,PRINCIPAL
accival_jun_04,G-4G4GP5O6A4I7J,1610750.0,383.14,2025-06-11,1,PRINCIPAL
accival_jun_04,G-X4QCLLDHYJEAF,4244829.52,1009.7,2025-06-11,12,PRINCIPAL
accival_jun_04,G-WK5DZQIZPKOS2,3492927.19,835.89,2025-06-12,10,PRINCIPAL
accival_jun_04,G-5LP2GH3XXL4PY,177361.0,42.45,2025-06-13,2,PRINCIPAL
accival_jun_04,G-KLXSXRWMRW5UD,821644.03,197.68,2025-06-13,2,PRINCIPAL
accival_jun_04,G-IJA6IHOJREJXS,166539.86,40.07,2025-06-13,1,PRINCIPAL
accival_jun_04,G-Y2KRY2IZTBA7D,5070885.1,1220.02,2025-06-13,17,PRINCIPAL
accival_jun_04,G-RC7ROPDIQUW6K,5608092.17,1358.35,2025-06-16,21,PRINCIPAL
accival_jun_04,G-NMSTXZANXWOAJ,6492155.33,1568.42,2025-06-16,22,PRINCIPAL
accival_jun_04,G-IZGHK2TWFKHWS,2881690.77,689.62,2025-06-12,3,COLONIA
accival_jun_04,G-XDE3TS5TIX5MP,418170.91,101.03,2025-06-16,4,COLONIA
accival_jun_04,G-UORHQOC2DFZFH,121.63,121.63,2025-06-09,2,RH
accival_jun_04,G-62THVUTLUQJOG,5472244.4,1325.51,2025-06-16,12,PRINCIPAL
accival_jun_04,G-LH7T2XS6AT75E,96154.64,23.29,2025-06-16,1,PRINCIPAL
accival_jun_04,G-B4HTLWH4YGE62,1296131.0,154.32,2025-04-21,COLONIA,
accival_jun_04,G-6N4WVB6HG3RIU,99986.32,23.2,2025-04-21,PRINCIPAL,
accival_jun_04,G-O4XJY6XIEIH3J,204000.0,47.35,2025-04-21,PRINCIPAL,
accival_jun_05,G-MQIYIKQAPBKDK,165000.0,40.22,2025-06-17,1,PRINCIPAL
accival_jun_05,G-NI5THWMWL4BGY,4784614.92,1166.33,2025-06-17,11,PRINCIPAL
accival_jun_05,G-BLKTZFDNTBLQX,541695.21,132.05,2025-06-17,3,PRINCIPAL
accival_jun_05,G-PA6YVPG6B2CBV,7332697.48,1787.29,2025-06-18,16,PRINCIPAL
accival_jun_05,G-SYP2J47OSPY7T,1113500.0,271.41,2025-06-19,1,PRINCIPAL
accival_jun_05,G-W77A2NZBJZ73M,7261457.19,1784.07,2025-06-19,15,PRINCIPAL
accival_jun_05,G-27NBRWBYKS46H,194919.79,47.51,2025-06-19,1,PRINCIPAL
accival_jun_05,G-TZ2WN3PM3MAVN,229500.0,56.39,2025-06-20,1,PRINCIPAL
accival_jun_05,G-QZDGRRFU6N4UF,116.79,116.79,2025-06-17,1,RH
accival_jun_05,G-STRIPE,2000.0,2000.0,2025-06-19,STRIPE,
accival_jun_06,G-QW5WSPWVE52T2,8767838.09,2146.74,2025-06-20,22,PRINCIPAL
accival_jun_07,G-22RMTZCBNSS26,93925.0,23.01,2025-06-23,1,PRINCIPAL
accival_jun_06,G-WSR7WW56BLCAB,3182410.32,779.75,2025-06-23,9,PRINCIPAL
accival_jun_06,G-VDHUI6AJRD6J3,1518312.93,371.92,2025-06-23,1,PRINCIPAL
accival_jun_06,G-V2TYBXYTSR32P,10968339.78,2688.64,2025-06-23,25,PRINCIPAL
accival_jun_06,G-J6X7DU2YEWWL7,36.91,36.91,2025-06-23,1,PRINCIPAL
accival_jun_06,G-EZ2ESKON52ABW,688500.0,168.65,2025-06-23,1,PRINCIPAL
accival_jun_06,G-EIXNMKEKUTJBF,167932.12,41.14,2025-06-23,1,PRINCIPAL
accival_jun_06,G-4PWGD5MPVLLI7,174590.0,42.78,2025-06-23,2,PRINCIPAL
accival_jun_06,G-XYEE5BMIOLXOQ,11598109.32,2841.09,2025-06-23,27,PRINCIPAL
accival_jun_06,G-5QJLGCMKORWYW,106.71,106.71,2025-06-23,3,RH
accival_jun_06,G-QQ7YAJDNLGH7H,828061.1599999999,202.73,2025-06-20,4,COLONIA
accival_jun_06,G-Y3FSMQLF2PELT,675131.06,165.37,2025-06-23,4,COLONIA
accival_jun_06,G-KUN33UUJAVPN6,544539.53,133.49,2025-06-23,3,COLONIA
accival_jun_07,G-5B54KZTOZHWMS,455717.3,112.25,2025-06-26,3,COLONIA
accival_jun_07,G-WZFMER2WLYTD4,3554332.76,870.01,2025-06-24,1,PRINCIPAL
accival_jun_07,G-P6YP7MM52B6A4,3662535.98,896.49,2025-06-24,10,PRINCIPAL
accival_jun_07,G-Q6SP5OHQJ6LVK,7312326.64,1793.37,2025-06-25,11,PRINCIPAL
accival_jun_07,G-ISJUGNB2Q3XRK,153015.64,37.69,2025-06-26,1,PRINCIPAL
accival_jun_07,G-AKG37NWNZCLMQ,6219432.79,1531.98,2025-06-26,18,PRINCIPAL
accival_jun_07,G-7BZSINE2NV7RB,65.58,65.58,2025-06-26,1,PRINCIPAL
accival_jul_01,G-I2YGKB2XHDYW5,1910885.0,472.36,2025-06-27,1,PRINCIPAL
accival_jul_01,G-MBLIYOS277TBW,4233873.16,1046.58,2025-06-27,14,PRINCIPAL
accival_jul_01,G-HB7BAKKUHJNWI,6447685.720000001,1579.36,2025-06-30,15,PRINCIPAL
accival_jul_01,G-KMVKKCOHEB4ZI,4678955.39,1144.95,2025-06-30,17,PRINCIPAL
accival_jul_01,G-ADYVN7CJI2IYS,154720.0,37.9,2025-06-30,2,PRINCIPAL
accival_jul_01,G-XXT4APFEBFF5M,456450.0,111.57,2025-06-30,1,PRINCIPAL
accival_jul_01,G-U2LWWVC43NTUA,6569276.89,1605.71,2025-06-30,23,PRINCIPAL
accival_jul_01,G-YBUJ65SHFW2Z3,104720.0,25.6,2025-06-30,1,PRINCIPAL
accival_jul_01,G-IEPF46KCUM66V,114750.0,28.08,2025-06-30,1,PRINCIPAL
accival_jul_01,G-SOMWVBPSZEDNN,268600.0,65.79,2025-07-01,1,PRINCIPAL
accival_jul_01,G-LGZMTMWQFTGFD,997807.04,246.65,2025-06-27,4,COLONIA
accival_jul_01,G-6SRSRRUYXIXRB,439042.88,107.44,2025-06-30,3,COLONIA
accival_jul_01, STRIPE,4280400.0,1000.0,2025-06-27,PRINCIPAL,
accival_jul_02,G-XI5FOCEGLN7UV,7596684.49,1856.74,2025-07-01,19,PRINCIPAL
accival_jul_02,G-7XRZWOBNGKGYM,456450.0,111.56,2025-07-01,1,PRINCIPAL
accival_jul_02,G-MHZ3GJD3WHUFC,5969940.29,1481.79,2025-07-02,10,PRINCIPAL
accival_jul_02,G-GWC6ABGWAYCTC,148920.0,37.31,2025-07-03,1,PRINCIPAL
accival_jul_02,G-OHR4MU4DDHZ6L,92554.8,22.97,2025-07-03,1,PRINCIPAL
accival_jul_02,G-3GFXSN2I3UQQA,3313594.79,830.17,2025-07-03,11,PRINCIPAL
accival_jul_02,G-RL74SQLQAECM3,90312.5,22.63,2025-07-03,1,PRINCIPAL
accival_jul_03,G-6TBYV74EYJQLQ,456534.86,114.15,2025-07-07,3,COLONIA
accival_jul_02,G-SQBNPTMNVW3VJ,6035906.72,1513.36,2025-07-04,17,PRINCIPAL
accival_jul_03,G-JIGX6XFHWR275,1365185.0,341.33,2025-07-07,1,PRINCIPAL
accival_jul_03,G-QE6S5YFZ2P6VE,8783991.5,2195.44,2025-07-07,20,PRINCIPAL
accival_jul_03,G-VBQWOSPOK25FU,155125.0,38.77,2025-07-07,1,PRINCIPAL
accival_jul_03,G-5ZJDS2XKIVPIO,628320.0,157.1,2025-07-07,1,PRINCIPAL
accival_jul_03,G-EHWMK6PTTXSIF,306551.82,76.65,2025-07-07,1,PRINCIPAL
accival_jul_03,G-RPIKETGZFMSAX,151898.4,37.96,2025-07-07,1,PRINCIPAL
accival_jul_03,G-P4XBXKU3O7P6F,275825.0,68.94,2025-07-07,1,PRINCIPAL
accival_jul_03,G-JZ7S2WWV3VPS4,8531936.63,2133.23,2025-07-07,25,PRINCIPAL
accival_jul_03,G-3XEGNRAOAQV77,615911.02,153.99,2025-07-07,1,PRINCIPAL
accival_jul_03,G-MU5DSZNNLM7MX,6428082.49,1609.61,2025-07-07,12,PRINCIPAL
accival_jul_03,G-4J75JRHRWOSQ3,128257.35,32.12,2025-07-07,1,PRINCIPAL
accival_jul_03,G-RIK6TDRXKPU5R,175911.75,43.59,2025-07-08,1,PRINCIPAL
accival_jul_03,G-XA2LOJGHO57QG,180625.0,44.76,2025-07-08,1,PRINCIPAL
accival_jul_03,G-K5CSSU3WMYS6Q,11282051.31,2795.66,2025-07-08,12,PRINCIPAL
accival_jul_03,G-VHTW5N7GG2F4L,53.05,53.05,2025-07-05,3,BOULERVARD
accival_jul_03,G-5FNC3BWKHGYQX,32.2,32.2,2025-07-06,1,BOULERVARD
accival_jul_04,Stripe_1,4199000.0,1000.0,2025-07-10,10,PRINCIPAL
accival_jul_03,G-YQH7SW7IDCP6Q,157900.93,39.0,2025-07-09,1,PRINCIPAL
accival_jul_03,G-6DJZ42Y75IIGK,11437072.79,2824.8,2025-07-09,18,PRINCIPAL
accival_jul_04,Boulevard,672.1,672.1,2025-06-06,1,PRINCIPAL
accival_jul_04,Boulevard,672.1,672.1,2025-07-07,1,PRINCIPAL
accival_jul_04,G-I2LX7X7C4TFVM,487499.25,121.2,2025-07-10,1,PRINCIPAL
accival_jul_04,G-YNNESM3JAJ2LZ,3554872.12,878.0,2025-07-10,2,PRINCIPAL
accival_jul_04,G-VFLXMUXDNKPZR,2650854.46,659.05,2025-07-10,15,PRINCIPAL
accival_jul_04,G-VNVHUI7EB2VOB,4968498.84,1237.74,2025-07-11,15,PRINCIPAL
accival_jul_04,G-TIAUSGY64MA4T,5897023.78,1474.54,2025-07-14,20,PRINCIPAL
accival_jul_04,G-MPAP7A4JNKWJL,6367472.4,1592.48,2025-07-14,20,PRINCIPAL
accival_jul_04,G-RKWCL76KXTTYV,201960.0,50.57,2025-07-14,1,PRINCIPAL
accival_jul_04,G-MKOTG3GPOJHBF,1041412.5,260.78,2025-07-14,2,PRINCIPAL
accival_jul_04,G-NMAG6XIHDPETG,3519861.64,881.39,2025-07-14,8,PRINCIPAL
accival_jul_04,G-25ZZHTWWOCBLW,7502954.26,1878.79,2025-07-14,2,PRINCIPAL
accival_jul_04,G-IQLUSYYPQL7BE,3536817.46,883.0,2025-07-15,12,PRINCIPAL
accival_jul_04,G-DNWR4YP6H24AI,111987.5,28.04,2025-07-15,1,PRINCIPAL
accival_jul_04,G-TTZXPRKQZRBG3,818246.04,203.42,2025-07-10,4,COLONIA
accival_jul_04,G-OB55XNHBIZFQP,422060.36,105.56,2025-07-14,2,COLONIA
accival_jul_04,G-CGO7KAZJIO2WT,451728.28,112.95,2025-07-14,2,COLONIA
accival_jul_04,Stripe_2,8265703.6,2000.0,2025-07-15,20,PRINCIPAL
accival_jul_05,G-WAJ5U2DPEVW6M,4730354.36,1172.82,2025-07-16,14,PRINCIPAL
accival_jul_05,G-2OMPLNMD5RQ37,1805483.07,449.63,2025-07-17,1,PRINCIPAL
accival_jul_05,G-ZF3M2Q7ELNJ5G,111987.5,27.77,2025-07-17,1,PRINCIPAL
accival_jul_05,G-IIVZVJVU7T32M,5240646.41,1305.12,2025-07-17,12,PRINCIPAL
accival_jul_05,G-HBGYEBSL32BDS,5159126.87,1283.24,2025-07-18,13,PRINCIPAL
accival_jul_05,G-JRDYF7MXZJPQJ,106250.0,26.43,2025-07-18,1,PRINCIPAL
accival_jul_06,G-D4NG7LYOJG5FM,5949943.44,1477.12,2025-07-21,15,PRINCIPAL
accival_jul_06,G-A67LKP4UI7FES,6561250.63,1635.14,2025-07-21,20,PRINCIPAL
accival_jul_05,G-HGN4Q4XBBMQ4X,434993.28,108.33,2025-07-17,2,COLONIA
accival_jul_05,G-DHGW2G4ENLVMJ,477846.2,118.86,2025-07-18,2,COLONIA
accival_jul_06,G-TRJP27WEJUYZX,521382.2,129.44,2025-07-21,6,COLONIA
accival_jul_05,G-6EJMAM4SZMGJX,138.7,138.7,2025-07-18,5,RH
accival_jul_06,Stripe_3,7580704.0,1850.0,2025-07-21,1,PRINCIPAL
accival_jul_06,G-4TRHQ2YI5DG4V,6730676.71,1674.08,2025-07-21,14,PRINCIPAL
accival_jul_07,G-MLAJKR4Q3OV3T,1183195.57,292.9,2025-07-22,1,PRINCIPAL
accival_jul_07,G-SYUW5IUADQEV5,3005087.02,743.92,2025-07-22,13,PRINCIPAL
accival_jul_07,G-EFEYFX6UKPIJG,1603379.04,396.92,2025-07-22,3,COLONIA
accival_jul_07,G-GTGWDIHQG7HIC,2923745.49,723.69,2025-07-23,9,PRINCIPAL
accival_jul_07,G-7IKP26ENS7UCJ,793730.0,196.47,2025-07-24,1,PRINCIPAL
accival_jul_07,G-IPFJ6RE2VDGLJ,5002118.8,1238.63,2025-07-24,20,PRINCIPAL
accival_jul_08,G-GYXGNH366G4HM,8112368.46,1991.2,2025-07-25,24,PRINCIPAL
accival_jul_09,G-SKRJH6AAECLAQ,84524.0,20.4,2025-07-28,1,PRINCIPAL
accival_jul_09,G-PF6XYYFWWQ66O,2265005.35,546.78,2025-07-28,16,PRINCIPAL
accival_jul_09,G-PYV3F6VWUZGOW,297653.85,72.4,2025-07-28,1,PRINCIPAL
accival_jul_09,G-WNAPWRKJQ74WI,15328651.77,3728.58,2025-07-28,35,PRINCIPAL
accival_jul_09,G-YR2SWYRANIBQQ,2148285.78,522.56,2025-07-28,2,COLONIA
accival_jul_09,Stripe-4,2100.0,2100.0,2025-07-28,1,PRINCIPAL
accival_jul_09,G-OD7WXIH7VZRDB,5594540.55,1362.48,2025-07-28,9,PRINCIPAL
accival_jul_09,G-5D3MYNLGB7DHF,90000.0,21.92,2025-07-28,1,PRINCIPAL
accival_jul_09,G-XZSOLJ7QENYYX,87125.0,21.22,2025-07-28,1,PRINCIPAL
accival_jul_09,G-6QMENIOGMN6BU,1406495.0,342.53,2025-07-28,1,PRINCIPAL
accival_jul_09,G-OD3ZBBAJNCITJ,531393.89,128.28,2025-07-28,1,PRINCIPAL
accival_jul_09,G-OGU3XBHE3ZU33,209100.0,50.92,2025-07-28,1,PRINCIPAL
accival_jul_09,G-KYNE3AUV572L2,5105699.73,1221.98,2025-07-29,13,PRINCIPAL
accival_jul_09,G-RZNAG6PU5HHCC,27.43,27.43,2025-07-29,1,PRINCIPAL
accival_jul_09,G-AN2Q3JRMKHFZJ,150000.0,35.9,2025-07-29,1,PRINCIPAL
accival_jul_09,G-R2UIXLVSZTWG2,4023449.5,972.59,2025-07-30,17,PRINCIPAL
accival_jul_09,G-NQPBZQBMCYGZR,1260126.62,304.62,2025-07-31,1,PRINCIPAL
accival_ago_01,Stripe-5,1000.0,1000.0,2025-07-31,1,PRINCIPAL
accival_jul_09,Stripe-6,1000.0,1500.0,2025-07-30,1,PRINCIPAL
accival_ago_01,G-XEYTEHJWO4D2B,7590582.68,1813.64,2025-07-31,12,PRINCIPAL
accival_ago_01,G-UN6VQHYQSMSXA,335750.0,80.22,2025-07-31,2,PRINCIPAL
accival_ago_01,G-RFZWG3YMG3OYA,469679.4,112.23,2025-07-31,4,PRINCIPAL
accival_ago_02,G-AZQGMNNZMQZHQ,8944342.53,2136.97,2025-08-01,23,PRINCIPAL
accival_ago_02,G-LJPCWUI7HTEIA,110500.0,26.79,2025-08-04,1,PRINCIPAL
accival_ago_02,G-N6HEJMNTLC572,6117698.85,1483.48,2025-08-04,25,PRINCIPAL
accival_ago_02,G-XS5BG6BS2DXZK,4440886.31,1076.7,2025-08-04,9,PRINCIPAL
accival_ago_02,G-6CLRELLH7X4Z3,4745306.6,1150.36,2025-08-04,21,PRINCIPAL
accival_ago_02,G-CWMJEJR5JCAXO,7162134.73,1747.63,2025-08-05,15,PRINCIPAL
accival_ago_02,G-A66TXRHWCVKDT,1545905.71,377.73,2025-08-06,6,PRINCIPAL
accival_ago_02,G-XSPACZ6BYDDHV,736397.5,179.94,2025-08-07,2,PRINCIPAL
accival_ago_02,G-JII7A2NPLSKIU,3113983.44,769.29,2025-08-07,10,PRINCIPAL
accival_ago_02,G-DYTHJLPOBXSWG,706061.0,168.69,2025-08-01,2,COLONIA
accival_ago_02,G-3XYRJUGFLE77X,686536.09,166.43,2025-08-04,5,COLONIA
accival_ago_02,G-K7NABO2JQ3V6I,431500.8,105.44,2025-08-06,3,COLONIA
accival_ago_02,G-26MC7EJKFEEGH,413037.98,102.04,2025-08-07,2,COLONIA
accival_ago_02,G-GA5B6O4O62F37,130.66,130.66,2025-08-04,2,RH
accival_ago_03,G-HV4GAP5EPXJVI,8477990.67,2094.84,2025-08-08,23,PRINCIPAL
accival_ago_03,G-ZBAWZWR457EES,170885.7,42.22,2025-08-08,1,PRINCIPAL
accival_ago_04,G-27PZ43FB5P73S,7005400.29,1729.13,2025-08-11,23,PRINCIPAL
accival_ago_04,G-YAEYCJY4VNPBH,6882034.13,1699.77,2025-08-11,19,PRINCIPAL
accival_ago_04,G-LA3K4USCJKEXG,821499.57,202.77,2025-08-11,6,COLONIA
accival_ago_04,G-DSZ4VS34L35NC,2812008.87,694.75,2025-08-11,7,PRINCIPAL
accival_ago_04,G-LCXUUJH6NRZFV,99988.03,24.7,2025-08-11,1,PRINCIPAL
accival_ago_04,G-45A3K5CXXOKPZ,1055075.34,260.43,2025-08-11,2,PRINCIPAL
accival_ago_04,G-JZBLCI63VGIEV,181050.0,44.91,2025-08-12,2,PRINCIPAL
accival_ago_04,G-OEAFEM34KG4OY,268600.0,66.62,2025-08-12,1,PRINCIPAL
accival_ago_04,G-ONHWFSW36ID6A,4212344.15,1044.75,2025-08-12,11,PRINCIPAL
accival_ago_04,G-JNPLJUAGLEXD2,3189151.51,793.35,2025-08-13,8,PRINCIPAL
accival_ago_04,G-335PKYNO67LLV,1767064.11,438.95,2025-08-15,2,PRINCIPAL
accival_ago_04,G-SZMFCLBXU6N37,3087543.27,766.95,2025-08-15,15,PRINCIPAL
accival_ago_04,G-AVZBPNEW2T7YG,704936.21,175.37,2025-08-13,4,COLONIA
accival_ago_05,G-NQVGOIAU24TFY,7372001.47,1819.9,2025-08-15,19,PRINCIPAL
accival_ago_05,G-NRHHWZUEP56SI,859137.5,213.9,2025-08-18,1,PRINCIPAL
accival_ago_05,G-NTRLLH2U3RTYT,5951694.69,1481.75,2025-08-18,18,PRINCIPAL
accival_ago_05,G-F7FJG4CDF7WT3,125319.84,31.14,2025-08-18,1,PRINCIPAL
accival_ago_05,G-HLXM77M6TO4DO,16943570.98,4216.89,2025-08-18,26,PRINCIPAL
accival_ago_05,Stripe-7,3200.0,3200.0,2025-08-18,1,PRINCIPAL
accival_ago_05,G-NE33HWS6U3IFH,5280242.0200000005,1311.87,2025-08-18,8,PRINCIPAL
accival_ago_05,G-ZPU4436OUD3JF,6843160.01,1700.16,2025-08-19,1,PRINCIPAL
accival_ago_05,G-F6GEGMWOWV6XV,418772.15,104.23,2025-08-18,2,COLONIA
accival_ago_05,G-TYRVZ3UD6RQLP,639068.69,159.11,2025-08-18,3,COLONIA
accival_ago_06,G-B5VTU5KQEJQNU,4261403.1,1061.09,2025-08-19,10,PRINCIPAL
accival_ago_06,G-ZOQYD64ZI4NFI,1021912.5,253.36,2025-08-20,2,PRINCIPAL
accival_ago_06,G-FQK6AWLUX3FHI,2813125.19,697.44,2025-08-20,8,PRINCIPAL
accival_ago_07,G-6BUIPRGEGQ2US,5354911.66,1330.57,2025-08-21,12,PRINCIPAL
accival_ago_06,G-NHEXNM5X3Z72K,250466.67,62.24,2025-08-22,1,PRINCIPAL
accival_ago_06,G-4H5G2ESLDU5L4,112.75,112.75,2025-08-20,3,RH
accival_ago_06,G-KIQGLKQFSL4EK,415984.25,103.13,2025-08-20,3,COLONIA
accival_ago_08,G-FVXF47YUYG4FT,5945806.23,1474.25,2025-08-22,18,PRINCIPAL
accival_ago_08,G-J3CSMW3U5ZGW4,5948236.73,1481.57,2025-08-25,16,PRINCIPAL
accival_ago_08,G-D7IYW73ERXD3A,4860668.8,1211.17,2025-08-25,19,PRINCIPAL
accival_ago_08,G-5LTXJE3COT2PE,114.09,114.09,2025-08-22,2,RH
accival_ago_08,G-743RKSY4OUGU4,575798.9099999999,143.42,2025-08-25,4,COLONIA
accival_ago_08,G-DKBHRFOFXIMIP,644379.36,160.57,2025-08-25,3,COLONIA
accival_ago_08,G-KLE3R5DFOS4RG,2005073.96,500.67,2025-08-25,6,PRINCIPAL
accival_ago_08,G-UCCTMMGVRQSOF,6450303.54,1601.92,2025-08-26,10,PRINCIPAL
accival_ago_08,G-SZ6LYL576HLBO,557226.0,138.39,2025-08-27,1,PRINCIPAL
accival_ago_09,Stripe-8,18702640.0,4600.0,2025-08-28,PRINCIPAL,
accival_ago_09,G-KZPGEKY54CIC5,3819425.11,941.92,2025-08-28,9,PRINCIPAL
accival_ago_09,G-WP6HGNLCFILDD,8648634.24,2146.48,2025-08-28,17,PRINCIPAL
accival_sept_01,G-6VWI3MZF2BAMU,4001876.73,994.58,2025-08-29,13,PRINCIPAL
accival_sept_01,G-G6RI6UUYQCER4,7884673.51,1964.43,2025-09-01,20,PRINCIPAL
accival_sept_01,G-IX7T7QHWWEO7H,7918163.2,1972.23,2025-09-01,11,PRINCIPAL
accival_sept_01,G-OLWMG5R5B3YHL,125252.85,31.2,2025-09-01,1,PRINCIPAL
accival_sept_01,G-EP7PDDXX5K63R,595595.0,148.2,2025-09-01,1,PRINCIPAL
accival_sept_01,G-76FBDRXZ74KTA,2677550.7,666.26,2025-09-01,12,PRINCIPAL
accival_sept_01,G-EZLWXXSKCFZVN,448405.6,111.72,2025-09-01,3,COLONIA
accival_sept_01,G-QP22DT2OVRBUO,102.58,102.58,2025-08-29,3,RH
accival_sept_02,G-DBY7EV4LCZLFI,7593720.62,1890.42,2025-09-02,18,PRINCIPAL
accival_sept_02,G-TZCKNMT2H26CB,175911.75,43.79,2025-09-02,1,PRINCIPAL
accival_sept_02,G-JVJDBX4GYRU4E,744226.0,185.27,2025-09-02,1,PRINCIPAL
accival_sept_02,G-E2XEEEITFEWT3,14545513.54,3631.2,2025-09-03,12,PRINCIPAL
accival_sept_02,G-OOUFCDVC77NOP,6558114.52,1638.04,2025-09-04,13,PRINCIPAL
accival_sept_03,G-SFZVQ6WLRL525,272312.71,68.02,2025-09-05,1,PRINCIPAL
accival_sept_03,G-SJWLMACDMJM3A,7547695.79,1893.82,2025-09-05,15,PRINCIPAL
accival_sept_03,G-C76GRLIU2Q2E6,3938357.01,994.53,2025-09-08,12,PRINCIPAL
accival_sept_04,G-ZD2GJKM625OH5,83640.0,21.12,2025-09-08,1,PRINCIPAL
accival_sept_03,G-B5ZYMANP4CAZF,2265414.9,572.27,2025-09-08,6,PRINCIPAL
accival_sept_03,G-UYM7GV4FFY2IV,586500.0,147.16,2025-09-08,1,PRINCIPAL
accival_sept_03,G-YJABV3MXQMJKE,738285.35,186.44,2025-09-08,1,PRINCIPAL
accival_sept_03,G-VEYRPVHM3IIB4,95000.0,23.99,2025-09-08,1,PRINCIPAL
accival_sept_03,G-UBYGCZ7XZEWYF,5026876.27,1268.85,2025-09-08,11,PRINCIPAL
accival_sept_04,G-XWCEOFNM7MB7U,8196238.76,2082.26,2025-09-09,16,PRINCIPAL
accival_sept_04,G-T7AGWK25NXNFZ,159460.0,40.64,2025-09-10,2,PRINCIPAL
accival_sept_04,G-U5AQ34O7XQKTU,105400.0,26.86,2025-09-11,1,PRINCIPAL
accival_sept_04,G-CYOFZGXS7ZARD,3920055.5,999.14,2025-09-11,10,PRINCIPAL
accival_sept_04,G-5XYDNTUEGL2YZ,3446224.56,878.2,2025-09-11,12,PRINCIPAL
accival_sept_04,G-QCH3GLAYKL2SA,619012.36,155.32,2025-09-05,4,COLONIA
accival_sept_04,G-M3NTPETCW2JQX,430598.85,108.74,2025-09-08,1,COLONIA
accival_sept_04,G-XFM4OAF757QBW,604898.34,152.81,2025-09-08,4,COLONIA
accival_sept_04,G-6QBQAWDUGHSV2,453984.18,115.68,2025-09-11,3,COLONIA
accival_sept_04,G-W4RTOT5JLMQVJ,101.97,101.97,2025-09-09,2,RH
accival_sept_05,G-RAQI4ZILRV5ER,6500964.34,1670.5,2025-09-12,14,PRINCIPAL
accival_sept_05,G-TSHOT4MEVY4Q5,1172712.61,301.34,2025-09-13,1,PRINCIPAL
accival_sept_05,G-FISHRRDQJAU25,5051965.63,1296.27,2025-09-15,17,PRINCIPAL
accival_sept_05,G-5XVI2RVZUQ6FF,7600081.45,1948.94,2025-09-15,23,PRINCIPAL
accival_sept_05,G-5B3AVPEIILMKC,1671728.06,429.04,2025-09-15,5,PRINCIPAL
accival_sept_05,G-QQU4O3SQG6BC6,415745.54,106.67,2025-09-15,1,PRINCIPAL
accival_sept_05,G-ZX4CV6FRXJSHU,1208933.33,310.19,2025-09-15,1,PRINCIPAL
accival_sept_05,G-LH6GLH325TRYC,528918.89,135.74,2025-09-15,4,PRINCIPAL
accival_sept_06,G-YTVNB5HRCXCVM,5389135.7,1379.48,2025-09-16,13,PRINCIPAL
accival_sept_06,G-JUJHEA6FRJF32,410633.28,105.11,2025-09-16,4,PRINCIPAL
accival_sept_06,G-ZBA4TTT4C7NX5,2533671.22,654.81,2025-09-18,9,PRINCIPAL
accival_sept_06,G-HMZBG5BD3HQ4O,2429813.91,626.87,2025-09-18,6,PRINCIPAL
accival_sept_06,G-M7PH3HWFIXZV2,200942.28,51.93,2025-09-18,1,PRINCIPAL
accival_sept_06,G-UVOM6LB5JMRID,2498031.32,644.45,2025-09-18,1,PRINCIPAL
accival_sept_06,G-47EAYSLN66ZGL,591490.59,151.99,2025-09-12,2,COLONIA
accival_sept_06,G-JTKQPNSBM32RX,554650.0900000001,142.35,2025-09-15,2,COLONIA
accival_sept_06,G-D5XHCM4Q7T3XI,1202501.65,308.37,2025-09-15,6,COLONIA
accival_sept_06,G-YSVGNBIXJMMJZ,728307.2,188.22,2025-09-17,4,COLONIA
accival_sept_06,Stripe-9,14119349.98,3500.0,2025-09-18,41,PRINCIPAL
accival_sept_07,G-LNNA5D4MOYSOY,459811.78,118.09,2025-09-19,4,COLONIA
accival_sept_07,G-FUFTPQLXCS27Q,573512.0,147.35,2025-09-22,2,COLONIA
accival_sept_07,G-IMJUILEUCU5FI,390491.77,100.42,2025-09-22,2,COLONIA
accival_sept_07,G-KGCXYEQTNZN4G,8582825.05,2204.33,2025-09-19,22,PRINCIPAL
accival_sept_07,G-FIY46P64MUFMP,100000.0,25.71,2025-09-22,1,PRINCIPAL
accival_sept_07,G-JLOLUPRGKRWMX,280000.0,72.0,2025-09-22,1,PRINCIPAL
accival_sept_07,G-E7IPB6XNG3YCA,880597.6,226.17,2025-09-22,1,PRINCIPAL
accival_sept_07,G-DFRTF7RVM3G7P,3478895.55,893.58,2025-09-22,16,PRINCIPAL
accival_sept_07,G-JNXZLNHJLQ2AZ,2399573.8,616.51,2025-09-22,5,PRINCIPAL
accival_sept_07,G-BUFQFCYCCCXI5,3606470.95,927.39,2025-09-22,14,PRINCIPAL
accival_sept_07,G-C2RBQPZGUBSBX,115600.0,29.7,2025-09-22,1,PRINCIPAL
accival_sept_07,G-74O2TROTJOBUY,622227.85,159.82,2025-09-22,1,PRINCIPAL
accival_sept_08,Stripe-10,2238539.0,650.0,2025-09-22,7,PRINCIPAL
accival_sept_08,G-ZHALAOMKSTKD5,86020.0,22.1,2025-09-23,1,PRINCIPAL
accival_sept_08,G-VUDF6FD532YTZ,106250.0,27.6,2025-09-24,1,PRINCIPAL
accival_sept_08,G-4DUJH25LHOHAU,189700.0,49.28,2025-09-24,1,PRINCIPAL
accival_sept_08,G-N3QVTECPYBDBD,4664077.109999999,1211.69,2025-09-24,13,PRINCIPAL
accival_sept_08,G-XGO5MMSUWBDQ4,1817195.96,470.58,2025-09-24,5,PRINCIPAL
accival_sept_08,G-4AQBIEQHBEDSE,160374.0,41.28,2025-09-25,2,PRINCIPAL
accival_sept_08,G-JU42WI7C7SJJR,7864628.55,2023.91,2025-09-25,18,PRINCIPAL
accival_sept_08,G-SQJBGTSZBLHOY,106250.0,27.34,2025-09-25,1,PRINCIPAL
accival_sept_08,G-HKF3PJS3X2QIK,490667.6,127.06,2025-09-24,3,COLONIA
accival_sept_08,G-2HBBEWI5NYICF,164.45,164.45,2025-09-25,3,RH
accival_sept_09,G-DZCIRQ5ENYYVK,122400.0,31.36,2025-09-26,1,PRINCIPAL
accival_sept_09,G-LQ7XQ2OCOLZTH,848232.0,217.31,2025-09-26,1,PRINCIPAL
accival_sept_09,G-ZWDOANAZNDLWI,6435379.62,1648.72,2025-09-26,16,PRINCIPAL
accival_sept_09,G-QOCK7QR47SMWM,280000.0,71.76,2025-09-29,1,PRINCIPAL
accival_sept_09,G-K5I56JI3G63NE,4324883.43,1108.08,2025-09-29,1,PRINCIPAL
accival_sept_09,G-WFWEJRUZMGMTF,5487250.29,1405.91,2025-09-29,17,PRINCIPAL
accival_sept_09,G-CDC5RBAAOISRJ,8387140.84,2149.54,2025-09-29,12,PRINCIPAL
accival_sept_09,G-GKIFFSHAORXWZ,4095526.99,1049.78,2025-09-29,7,PRINCIPAL
accival_sept_09,Stripe-11,5456500.0,1350.0,2025-09-29,1,PRINCIPAL
accival_sept_09,Stripe-12,4995269.0,1250.0,2025-09-29,1,PRINCIPAL
accival_oct_01,G-HCQV5TENS6MEL,850400.25,217.88,2025-09-29,3,COLONIA
accival_oct_01,G-WKHPXEG6CDIXN,4045629.72,1031.29,2025-09-30,7,PRINCIPAL
accival_oct_01,G-Y372ER4KQW7IL,610201.04,155.55,2025-10-01,1,PRINCIPAL
accival_oct_01,G-WMT63T5WVX4PM,85000.0,21.67,2025-10-01,1,PRINCIPAL
accival_oct_01,G-KCWXNRXYF7ARP,5517067.28,1422.53,2025-10-02,14,PRINCIPAL
accival_oct_01,G-EQTLIECKEBNTL,2285884.05,582.76,2025-10-02,11,PRINCIPAL
accival_oct_01,G-SOSC6SXBWLHZP,142290.0,36.27,2025-10-02,1,PRINCIPAL
accival_oct_01,G-2V4ZZGEP4GPR3,504857.5,128.71,2025-10-02,1,PRINCIPAL
accival_oct_01,Stripe-13,8152902.4,2000.0,2025-10-02,13,PRINCIPAL
accival_oct_02,G-H4YPYRDXLO4UE,563234.6799999999,145.23,2025-10-02,6,COLONIA
accival_oct_02,G-SARESR7YPXLPQ,888216.0,229.34,2025-10-06,5,COLONIA
accival_oct_02,G-2HTH5TVZKIPHE,445294.6,115.06,2025-10-06,4,COLONIA
accival_oct_02,G-E62AUVL3CA2JD,8637442.97,2222.22,2025-10-03,20,PRINCIPAL
accival_oct_02,G-WVY4EAEYAB4AS,82620.0,21.31,2025-10-06,1,PRINCIPAL
accival_oct_02,G-KMWIS2LASYM6R,5637175.05,1456.56,2025-10-06,11,PRINCIPAL
accival_oct_02,G-A4CKEEWAC474A,5814895.37,1500.03,2025-10-06,8,PRINCIPAL
accival_oct_02,G-ETJURLFYBHGIL,2637409.92,680.99,2025-10-06,10,PRINCIPAL
accival_oct_02,G-BYTHJ6RSNQNM6,311201.79,80.41,2025-10-06,2,PRINCIPAL
accival_oct_02,G-BPOG4RLHXV7JE,701165.0,181.04,2025-10-06,1,PRINCIPAL
accival_oct_03,G-L6TH5PI5OSKI4,97282.46,25.1,2025-10-07,1,PRINCIPAL
accival_oct_03,G-C7AEFBUTBYIEN,5122725.19,1320.59,2025-10-08,12,PRINCIPAL
accival_oct_03,G-UM3CQIRUW6TQV,7048523.8100000005,1825.09,2025-10-08,18,PRINCIPAL
accival_oct_03,G-ZSYGKDW4HTHQ2,1181452.1,304.57,2025-10-08,1,PRINCIPAL
accival_oct_03,G-DJBKO2XCC2Y4B,219829.58,56.67,2025-10-08,1,PRINCIPAL
accival_oct_03,G-J4ABHTMQPVECF,342757.4,88.36,2025-10-08,2,PRINCIPAL
accival_oct_03,G-PJXKQCJQ3QMYV,3242113.1100000003,833.23,2025-10-09,10,PRINCIPAL
accival_oct_03,G-PFKBXUOEQAZBG,838865.0,215.59,2025-10-09,1,PRINCIPAL
accival_oct_04,G-FZ365QZGXNPR2,717725.92,185.02,2025-10-08,4,COLONIA
accival_oct_04,G-H67OMCYJ7UHT4,156944.0,40.35,2025-10-10,1,PRINCIPAL
accival_oct_04,G-H5VPE7GJPLV6T,10685740.31,2747.36,2025-10-10,23,PRINCIPAL
accival_oct_04,G-6POM3UMLQNCSG,3961391.85,1011.25,2025-10-13,7,PRINCIPAL
accival_oct_04,G-7WX3OBZZNMVSS,84150.0,21.45,2025-10-13,1,PRINCIPAL
accival_oct_04,G-GXQ6HR4BILQHX,470900.0,119.95,2025-10-13,1,PRINCIPAL
accival_oct_04,G-M2G4J6ALLKMRU,7714255.95,1966.79,2025-10-13,19,PRINCIPAL
accival_oct_04,G-Y7Z5DI26R5TFG,5984758.58,1524.48,2025-10-13,21,PRINCIPAL
accival_oct_04,G-IZIXQOGQH7GTY,142800.0,36.38,2025-10-13,1,PRINCIPAL
accival_oct_04,G-CDYPYZZ34DWRF,84150.0,21.48,2025-10-13,1,PRINCIPAL
accival_oct_04,G-KPZCPGLVNRDDL,2677075.0,683.41,2025-10-13,3,PRINCIPAL
accival_oct_04,G-GTIQ2TYSWF7BJ,516665.83,131.9,2025-10-13,3,COLONIA
accival_oct_04,G-WN55PWIOE65CC,405535.2,103.39,2025-10-13,2,COLONIA
accival_oct_04,G-SCKWV3FGNQMXQ,101.72,101.72,2025-10-10,3,COLONIA
accival_oct_05,G-35L4F57V2WQZU,3970064.92,1011.88,2025-10-14,8,PRINCIPAL
accival_oct_05,G-6XOJQDVZMZSXX,386347.11,98.42,2025-10-15,3,PRINCIPAL
accival_oct_05,G-OTLEQAAXOKU5W,6045807.2,1552.77,2025-10-16,18,PRINCIPAL
accival_oct_06,G-3D4DUN5EZXEZP,1222993.05,319.18,2025-10-20,6,COLONIA
accival_oct_05,G-U5CMABNKLTU2G,214020.28,55.42,2025-10-17,2,PRINCIPAL
accival_oct_05,G-CQS5JGKQ3T27N,153000.0,39.61,2025-10-17,1,PRINCIPAL
accival_oct_05,G-PICYP7HXKE2ZD,9089386.92,2353.44,2025-10-17,22,PRINCIPAL
accival_oct_05,G-2NAWLCTDPR4GT,196172.72,50.79,2025-10-18,1,PRINCIPAL
accival_oct_06,G-5TO2SC5GWXUDM,1025833.71,267.73,2025-10-20,1,PRINCIPAL
accival_oct_06,G-KJJLSWMJ5FNIE,4658736.49,1215.99,2025-10-20,12,PRINCIPAL
accival_oct_06,G-H5NVWU2AD5Z4R,89250.0,23.29,2025-10-20,1,PRINCIPAL
accival_oct_06,G-ABEI4VKEE5H6K,5440682.81,1419.96,2025-10-20,21,PRINCIPAL
accival_oct_06,Stripe-14,9256826.0,2400.0,2025-10-20,28,PRINCIPAL
accival_oct_06,G-OQOK7JHBL3HAB,1095905.0,285.29,2025-10-20,1,PRINCIPAL
accival_oct_06,G-UOPFQKMH5LFZ5,170435.4,44.37,2025-10-20,2,PRINCIPAL
accival_oct_06,G-GSIKYCXKJ4A2S,80000.0,20.88,2025-10-20,2,PRINCIPAL
accival_oct_06,G-O7I2L3I4FQE4E,3827640.58,996.44,2025-10-20,6,PRINCIPAL
accival_oct_06,G-G4JH2QWYUYW4D,1002320.0,257.93,2025-10-21,1,PRINCIPAL
accival_oct_06,G-TIQBLIJR4FS2B,83810.0,21.57,2025-10-21,2,PRINCIPAL
accival_oct_06,G-YP4HP6GMNOX3W,4850606.72,1248.2,2025-10-21,10,PRINCIPAL
accival_oct_06,G-EF6YWOOWDL7XF,3089565.52,794.94,2025-10-22,8,PRINCIPAL
accival_oct_06,G-KMJ4LDE3XOAGX,6588183.62,1685.03,2025-10-23,15,PRINCIPAL
accival_oct_06,G-EC7CB2KQJ5HPK,382755.0,98.48,2025-10-23,1,PRINCIPAL
accival_oct_06,G-G7C62GNXDPAOV,1147513.6,293.49,2025-10-24,1,PRINCIPAL
accival_oct_07,G-HTRZG6VDIR5VH,964325.0,249.62,2025-10-27,3,PRINCIPAL
accival_oct_07,G-C5KD7HD3NJ3FP,6783937.06,1756.03,2025-10-27,19,PRINCIPAL
accival_oct_07,G-EYZ5X3OEDJXOM,11308708.19,2915.32,2025-10-27,21,PRINCIPAL
accival_oct_07,G-IUJEH2S6KCV2J,9046137.98,2339.68,2025-10-27,23,PRINCIPAL
accival_oct_07,G-TDCOXDFCGNVIA,310080.0,80.26,2025-10-27,1,PRINCIPAL
accival_oct_07, Stripe-15,11178962.0,3200.0,2025-10-27,34,PRINCIPAL
accival_oct_07,G-2T6H5L5FPGGBD,5550588.34,1434.85,2025-10-27,15,PRINCIPAL
accival_oct_07,G-Z2S4LJ756DD2U,622028.28,160.8,2025-10-27,1,PRINCIPAL
accival_oct_08,G-44DLXL7HV4TCK,3361410.0,874.45,2025-10-28,2,PRINCIPAL
accival_oct_08,G-RARH3GCOCBOUW,240730.2,62.23,2025-10-28,1,PRINCIPAL
accival_oct_08,G-J5GU3E3RN664I,5390921.61,1402.42,2025-10-28,13,PRINCIPAL
accival_oct_08,G-KSFJWAMAXPIJV,105400.0,27.09,2025-10-29,1,PRINCIPAL
accival_oct_08,G-JDU5ROBTTV56T,119000.0,30.58,2025-10-29,1,PRINCIPAL
accival_oct_08,G-T2NM7BI3EL67Z,986920.14,253.63,2025-10-29,3,PRINCIPAL
accival_oct_08,G-5MMPUYLTJCUFE,85.11,85.11,2025-10-21,2,RH
accival_oct_08,G-HQFUNJUT4B3UX,94.35,94.35,2025-10-23,1,RH
accival_oct_08,G-TTEGRPLV74KGP,393046.53,101.65,2025-10-27,2,COLONIA
accival_oct_08,G-FY2YURZXECBWT,519194.75,134.39,2025-10-27,4,COLONIA
accival_oct_08,G-CPDJS5UCDNDE2,1747090.0,450.7,2025-10-30,2,PRINCIPAL
accival_oct_08,G-3GSNT5F5ZHU4U,3005595.11,775.36,2025-10-30,6,PRINCIPAL
accival_oct_08,G-PARCJYQUAQY6T,98168.03,25.32,2025-10-31,1,PRINCIPAL
accival_oct_08,Stripe-16,10964113.36,3500.0,2025-10-30,1,PRINCIPAL
accival_nov_01,G-SZWGSU6BELLJH,10582188.25,2742.48,2025-10-31,15,PRINCIPAL
accival_nov_01,G-6VFXAXPWG5NVB,11565957.84,2998.73,2025-11-03,34,PRINCIPAL
accival_nov_01,G-XFQLTWZHCZNGU,253500.0,65.73,2025-11-03,1,PRINCIPAL
accival_nov_01,G-QCFCZ6RVHAX5Y,1560131.26,404.31,2025-11-03,4,PRINCIPAL
accival_nov_01,G-LU4JVVQ7F6RQ2,11217342.73,2907.24,2025-11-03,16,PRINCIPAL
accival_nov_01,G-UUVF2UIF37MRY,2102735.95,544.92,2025-11-03,3,PRINCIPAL
accival_nov_01,G-ROECWG5GG42B5,91784.75,23.79,2025-11-03,1,PRINCIPAL
accival_nov_01,G-5PWBE32M6RPLE,126933.75,32.89,2025-11-03,2,PRINCIPAL
accival_nov_01,G-REN2CZJ3KT4KE,862550.76,223.68,2025-11-04,1,PRINCIPAL
accival_nov_01,G-ZOX473GOR2IGD,652710.86,169.17,2025-11-03,3,COLONIA
accival_nov_01,G-XO3ZLZNSZZ7QR,964970.16,250.19,2025-11-03,5,COLONIA
accival_nov_02,G-GXIWBYM5XJ5HH,5520758.46,1431.69,2025-11-04,8,PRINCIPAL
accival_nov_02,G-72GS7N5BINJSB,636930.11,210.32,2025-11-04,2,PRINCIPAL
accival_nov_02,G-QQC24H6C5ACTQ,788965.3,204.29,2025-11-05,2,PRINCIPAL
accival_nov_02,G-HNX3MDLZIIEGZ,5367575.53,1389.86,2025-11-05,10,PRINCIPAL
accival_nov_02,G-OAOP64OJZITRG,862918.6,223.44,2025-11-05,3,COLONIA
accival_nov_02,G-ZD5GRPH6ID3TH,350506.0,91.38,2025-11-06,1,PRINCIPAL
accival_nov_02,G-IAFKY7DDLWM5N,2333876.59,608.47,2025-11-06,5,PRINCIPAL
accival_nov_02,G-IHHRXXB34LKOS,38.53,38.53,2025-10-30,2,RH
accival_nov_03,G-57SSJA35WJI5S,4133732.28,1091.99,2025-11-07,12,PRINCIPAL
accival_nov_03,G-RHXD5FNMG4VHG,143100.41,37.85,2025-11-10,1,PRINCIPAL
accival_nov_03,G-VHAVQQR7OLM56,1785094.77,471.98,2025-11-10,7,PRINCIPAL
accival_nov_03,G-3H3NDP233EBKI,3826197.0,1012.36,2025-11-10,9,PRINCIPAL
accival_nov_03,G-AD3LEWKDMQAKG,698360.85,184.77,2025-11-10,1,PRINCIPAL
accival_nov_03,G-Y7GKOKFL6PM4L,764040.55,202.09,2025-11-10,3,PRINCIPAL
accival_nov_03,G-Y5GAX6HLZQFKE,3229445.52,885.32,2025-11-10,7,PRINCIPAL
accival_nov_03,G-AGTJ4YWQQECJP,10912666.95,2886.35,2025-11-10,12,PRINCIPAL
accival_nov_03,G-YPBMZNIUAWVFG,2717179.23,723.89,2025-11-11,5,PRINCIPAL
accival_nov_03,G-HT3YQS5EZLXPM,3858871.23,1028.06,2025-11-11,10,PRINCIPAL
accival_nov_03,G-MDIXXE6YRF7HH,427102.82,112.82,2025-11-07,3,COLONIA
accival_nov_03,G-RY3UZTOWRCJHW,386976.74,102.38,2025-11-10,2,COLONIA
accival_nov_03,G-UEN6WIB4KPOAS,394109.7,104.99,2025-11-11,4,COLONIA
accival_nov_04,G-HX2V5MY24ET4W,146516.21,39.03,2025-11-12,1,PRINCIPAL
accival_nov_04,G-2M235X3ZSS6L7,1525283.71,406.28,2025-11-12,4,PRINCIPAL
accival_nov_04,G-H46OWT2UNZU6M,4162802.16,1108.83,2025-11-12,8,PRINCIPAL
accival_nov_04,G-FIG6B7VOH7JWD,2692638.39,726.22,2025-11-13,3,PRINCIPAL
accival_nov_04,G-DJSPKTU3ILULO,1760868.3,474.91,2025-11-13,6,PRINCIPAL
accival_nov_04,G-3G2PQFDQNPXQG,364000.4,98.17,2025-11-14,1,PRINCIPAL
accival_nov_04,G-EV5MCRLZ5PLTK,112216.0,30.27,2025-11-14,1,PRINCIPAL
accival_nov_04,G-ZRTZQ66PLQTP2,209982.5,56.01,2025-11-14,2,PRINCIPAL
accival_nov_04,G-LHMYMH77NPBF2,4979711.88,1328.29,2025-11-14,12,PRINCIPAL
accival_nov_04,G-A5HMYEFW6NHBW,5594550.21,1489.4,2025-11-17,10,PRINCIPAL
accival_nov_04,G-W6A4UH3BLJK5M,1342000.2,357.05,2025-11-17,5,PRINCIPAL
accival_nov_04,G-JH3CLTPEA6W24,5892497.61,1567.8,2025-11-17,17,PRINCIPAL
accival_nov_04,G-QAHL2I32NFNIX,201960.0,53.73,2025-11-17,1,PRINCIPAL
accival_nov_04,G-L23S3AW4NDYL7,1678866.65,446.81,2025-11-17,5,PRINCIPAL
accival_nov_04,G-O7HALW5LJGI7E,114244.0,30.4,2025-11-17,1,PRINCIPAL
accival_nov_04,G-LQCIDQCKDCX2X,974859.6,259.53,2025-11-17,1,PRINCIPAL
accival_nov_04,G-MXDLSB34P4KUX,163028.25,43.38,2025-11-17,1,PRINCIPAL
accival_nov_04,G-3TEVU3R6FUZNC,1361228.24,362.28,2025-11-17,3,PRINCIPAL
accival_nov_04,G-E7KBWJBVLKKDX,1353267.5,360.27,2025-11-17,2,PRINCIPAL
accival_nov_04,G-S6JQB27OLMH63,956429.88,254.47,2025-11-17,4,COLONIA
accival_nov_05,G-2BO6Q5N5QLJYN,476663.65,126.89,2025-11-18,4,PRINCIPAL
accival_nov_05,G-2MYHCWAD4SG2C,75478.0,20.09,2025-11-18,1,PRINCIPAL
accival_nov_05,G-IAKJV2M2OQWHP,3396966.86,912.86,2025-11-19,13,PRINCIPAL
accival_nov_05,G-NDX7PUCLVF7EZ,1045123.04,278.22,2025-11-19,3,PRINCIPAL
accival_nov_05,G-Y5QFLR4B2SR2O,2941735.26,790.53,2025-11-19,4,PRINCIPAL
accival_nov_05,G-OBBRISKAQRWEQ,459707.24,123.53,2025-11-19,3,COLONIA
accival_nov_05,G-7S6PIWVEOEFKZ,43.17,43.17,2025-11-12,1,RH
pre_accival,Stripe-17,7764606.0,2000.0,2025-11-19,21.0,PRINCIPAL
pre_accival,G-KVJAIXIB7PUGF,8408106.47,2263.43,2025-11-20,13,PRINCIPAL
pre_accival,Stripe-18,6057002.0,1600.0,2025-11-21,16.0,PRINCIPAL
